{"0": 0.7962962962962963, "1": 3.528852798894264, "2": 0.4182879377431907, "3": 14.263268156424582}